03:08.5,1.225,,,,,,,,,
03:13.4,1.225,,,,,,,,,
03:18.5,1.225,,,,,,,,,
03:23.4,1.225,,,,,,,,,
03:28.5,1.225,,,,,,,,,
03:33.4,1.225,,,,,,,,,Arsenal v Monaco_Match Odds_1424893500000_Monaco
03:38.6,1.225,,,,,,,,,
03:43.4,1.225,,,,,,,,,
03:48.3,1.235,,,,,,,,,
03:53.4,1.235,,,,,,,,,
03:58.4,1.235,,,,,,,,,
04:03.3,1.235,,,,,,,,,
04:08.5,1.225,,,,,,,,,
04:13.4,1.225,,,,,,,,,
04:18.2,1.225,,,,,,,,,
04:23.6,1.225,,,,,,,,,
04:28.6,1.225,,,,,,,,,
04:33.5,1.225,,,,,,,,,
04:38.6,1.225,,,,,,,,,
04:43.6,1.225,,,,,,,,,
04:48.6,1.225,,,,,,,,,
04:53.6,1.225,,,,,,,,,
04:58.9,1.215,,,,,,,,,
05:03.9,1.215,,,,,,,,,
05:08.9,1.215,,,,,,,,,
05:13.7,1.205,,,,,,,,,
05:19.0,1.205,,,,,,,,,
05:24.9,1.205,,,,,,,,,
05:29.2,1.205,,,,,,,,,
05:34.1,1.205,,,,,,,,,
05:40.7,1.205,,,,,,,,,
05:44.0,1.205,,,,,,,,,
05:49.0,1.205,,,,,,,,,
05:55.4,1.205,,,,,,,,,
05:58.7,1.215,,,,,,,,,
06:03.6,1.215,,,,,,,,,
06:08.8,1.215,,,,,,,,,
06:13.7,1.205,,,,,,,,,
06:18.8,1.215,,,,,,,,,
06:23.7,1.205,,,,,,,,,
06:28.8,1.205,,,,,,,,,
06:33.9,1.205,,,,,,,,,
06:38.8,1.205,,,,,,,,,
06:43.8,1.195,,,,,,,,,
06:48.9,1.195,,,,,,,,,
06:53.9,1.195,,,,,,,,,
07:01.1,1.195,,,,,,,,,
07:06.3,1.195,,,,,,,,,
07:08.3,1.195,,,,,,,,,
07:14.3,1.195,,,,,,,,,
07:18.7,1.195,,,,,,,,,
07:23.6,1.195,,,,,,,,,
07:28.6,1.195,,,,,,,,,
07:33.7,1.195,,,,,,,,,
07:38.5,1.195,,,,,,,,,
07:43.5,1.195,,,,,,,,,
07:48.5,1.195,,,,,,,,,
07:53.7,1.195,,,,,,,,,
07:58.6,1.195,,,,,,,,,
08:03.5,1.195,,,,,,,,,
08:08.6,1.195,,,,,,,,,
08:13.6,1.185,,,,,,,,,
08:18.8,1.185,,,,,,,,,
08:23.8,1.185,,,,,,,,,
08:28.8,1.185,,,,,,,,,
08:33.9,1.175,,,,,,,,,
08:38.8,1.175,,,,,,,,,
08:44.0,1.175,,,,,,,,,
08:48.8,1.175,,,,,,,,,
08:53.6,1.175,,,,,,,,,
08:59.1,1.175,,,,,,,,,
09:03.8,1.175,,,,,,,,,
09:08.8,1.175,,,,,,,,,
09:13.6,1.175,,,,,,,,,
09:18.7,1.165,,,,,,,,,
09:23.6,1.165,,,,,,,,,
09:28.5,1.165,,,,,,,,,
09:33.7,1.155,,,,,,,,,
09:38.6,1.155,,,,,,,,,
09:43.6,1.155,,,,,,,,,
09:48.7,1.155,,,,,,,,,
09:53.7,1.155,,,,,,,,,
09:58.8,1.155,,,,,,,,,
10:03.8,1.155,,,,,,,,,
10:08.8,1.145,,,,,,,,,
10:13.8,1.145,,,,,,,,,
10:18.6,1.145,,,,,,,,,
10:23.7,1.145,,,,,,,,,
10:28.6,1.145,,,,,,,,,
10:33.6,1.145,,,,,,,,,
10:38.5,1.145,,,,,,,,,
10:43.7,1.145,,,,,,,,,
10:48.6,1.145,,,,,,,,,
10:53.7,1.145,,,,,,,,,
10:58.6,1.145,,,,,,,,,
11:03.6,1.145,,,,,,,,,
11:08.5,1.145,,,,,,,,,
11:13.7,1.145,,,,,,,,,
11:18.8,1.145,,,,,,,,,
11:23.8,1.145,,,,,,,,,
11:28.9,1.145,,,,,,,,,
11:33.9,1.145,,,,,,,,,
11:39.1,1.145,,,,,,,,,
11:43.7,1.145,,,,,,,,,
11:48.6,1.145,,,,,,,,,
11:53.8,1.145,,,,,,,,,
11:58.7,1.145,,,,,,,,,
12:03.7,1.145,,,,,,,,,
12:08.7,1.145,,,,,,,,,
12:13.7,1.135,,,,,,,,,
12:18.5,1.135,,,,,,,,,
12:23.6,1.135,,,,,,,,,
12:28.8,1.135,,,,,,,,,
12:33.7,1.135,,,,,,,,,
12:38.6,1.135,,,,,,,,,
12:43.8,1.135,,,,,,,,,
12:48.8,1.135,,,,,,,,,
12:53.8,1.135,,,,,,,,,
12:58.7,1.125,,,,,,,,,
13:03.7,1.125,,,,,,,,,
13:09.5,1.125,,,,,,,,,
13:16.1,1.125,,,,,,,,,
13:19.7,1.125,,,,,,,,,
13:25.7,1.125,,,,,,,,,
13:29.8,1.125,,,,,,,,,
13:36.4,1.125,,,,,,,,,
13:39.6,1.125,,,,,,,,,
13:45.0,1.125,,,,,,,,,
13:49.1,1.125,,,,,,,,,
13:54.7,1.125,,,,,,,,,
14:01.4,1.125,,,,,,,,,
14:06.8,1.125,,,,,,,,,
14:10.5,1.125,,,,,,,,,
14:16.5,1.125,,,,,,,,,
14:25.3,1.125,,,,,,,,,
14:29.3,1.125,,,,,,,,,
14:34.7,1.125,,,,,,,,,
14:38.0,1.125,,,,,,,,,
14:41.6,1.125,,,,,,,,,
14:49.6,1.125,,,,,,,,,
14:54.4,1.125,,,,,,,,,
14:58.5,1.125,,,,,,,,,
15:04.2,1.125,,,,,,,,,
15:08.5,1.125,,,,,,,,,
15:14.0,1.125,,,,,,,,,
15:19.3,1.115,,,,,,,,,
15:23.8,1.115,,,,,,,,,
15:29.5,1.115,,,,,,,,,
15:34.1,1.115,,,,,,,,,
15:39.4,1.115,,,,,,,,,
15:44.3,1.115,,,,,,,,,
15:48.9,1.115,,,,,,,,,
15:53.8,1.115,,,,,,,,,
15:59.2,1.115,,,,,,,,,
16:04.5,1.115,,,,,,,,,
16:08.7,1.115,,,,,,,,,
16:12.4,1.105,,,,,,,,,
16:18.5,1.105,,,,,,,,,
16:21.0,1.105,,,,,,,,,
16:26.3,1.105,,,,,,,,,
16:31.2,1.105,,,,,,,,,
16:36.1,1.105,,,,,,,,,
16:41.3,1.105,,,,,,,,,
16:46.3,1.105,,,,,,,,,
16:51.4,1.105,,,,,,,,,
16:56.3,1.105,,,,,,,,,
17:01.3,1.1,,,,,,,,,
17:06.5,1.095,,,,,,,,,
17:11.2,1.095,,,,,,,,,
17:16.1,1.095,,,,,,,,,
17:21.0,1.095,,,,,,,,,
17:26.1,1.095,,,,,,,,,
17:31.2,1.095,,,,,,,,,
17:36.2,1.095,,,,,,,,,
17:41.2,1.095,,,,,,,,,
17:46.3,1.095,,,,,,,,,
17:51.3,1.095,,,,,,,,,
17:56.3,1.095,,,,,,,,,
18:01.3,1.095,,,,,,,,,
18:06.4,1.095,,,,,,,,,
18:11.2,1.095,,,,,,,,,
18:16.2,1.095,,,,,,,,,
18:21.3,1.095,,,,,,,,,
18:26.2,1.095,,,,,,,,,
18:31.2,1.085,,,,,,,,,
18:36.3,1.085,,,,,,,,,
18:41.0,1.085,,,,,,,,,
18:46.5,1.085,,,,,,,,,
18:51.4,1.085,,,,,,,,,
18:56.3,1.085,,,,,,,,,
19:01.3,1.085,,,,,,,,,
19:06.4,1.085,,,,,,,,,
19:11.4,1.085,,,,,,,,,
19:16.4,1.085,,,,,,,,,
19:21.4,1.085,,,,,,,,,
19:26.3,1.085,,,,,,,,,
19:31.3,1.085,,,,,,,,,
19:37.8,1.085,,,,,,,,,
19:44.6,1.085,,,,,,,,,
19:49.8,1.085,,,,,,,,,
19:55.3,1.075,,,,,,,,,
19:59.6,1.075,,,,,,,,,
20:02.4,1.075,,,,,,,,,
20:09.5,1.075,,,,,,,,,
20:12.7,1.075,,,,,,,,,
20:19.5,1.075,,,,,,,,,
20:24.9,1.075,,,,,,,,,
20:30.1,1.065,,,,,,,,,
20:34.8,1.075,,,,,,,,,
20:39.8,1.065,,,,,,,,,
20:44.7,1.065,,,,,,,,,
20:49.1,1.065,,,,,,,,,
20:54.4,1.065,,,,,,,,,
20:58.5,1.065,,,,,,,,,
21:02.2,1.065,,,,,,,,,
21:09.4,1.065,,,,,,,,,
21:13.7,1.065,,,,,,,,,
21:20.3,1.065,,,,,,,,,
21:24.8,1.065,,,,,,,,,
21:29.5,1.055,,,,,,,,,
21:34.7,1.055,,,,,,,,,
21:39.6,1.055,,,,,,,,,
21:44.5,1.055,,,,,,,,,
21:50.0,1.055,,,,,,,,,
21:53.7,1.055,,,,,,,,,
21:59.9,1.055,,,,,,,,,
22:03.0,1.055,,,,,,,,,
22:08.8,1.055,,,,,,,,,
22:14.6,1.055,,,,,,,,,
22:19.8,1.045,,,,,,,,,
22:24.3,1.045,,,,,,,,,
22:29.1,1.055,,,,,,,,,
22:34.0,1.045,,,,,,,,,
22:37.3,1.045,,,,,,,,,
22:42.6,1.045,,,,,,,,,
22:49.2,1.055,,,,,,,,,
22:54.1,1.055,,,,,,,,,
22:59.4,1.055,,,,,,,,,
23:05.1,1.055,,,,,,,,,
23:09.2,1.055,,,,,,,,,
23:10.9,1.055,,,,,,,,,
23:16.2,1.055,,,,,,,,,
23:21.3,1.055,,,,,,,,,
23:26.3,1.055,,,,,,,,,
23:31.8,1.055,,,,,,,,,
23:37.5,1.055,,,,,,,,,
23:45.2,1.055,,,,,,,,,
23:48.5,1.055,,,,,,,,,
23:54.0,1.055,,,,,,,,,
23:58.8,1.045,,,,,,,,,
24:03.8,1.045,,,,,,,,,
24:09.4,1.045,,,,,,,,,
24:13.6,1.045,,,,,,,,,
24:18.9,1.045,,,,,,,,,
24:24.1,1.045,,,,,,,,,
24:25.8,1.045,,,,,,,,,
24:31.3,1.045,,,,,,,,,
24:36.3,1.045,,,,,,,,,
24:41.4,1.045,,,,,,,,,
24:46.2,1.045,,,,,,,,,
24:51.2,1.045,,,,,,,,,
24:58.9,1.045,,,,,,,,,
25:03.9,1.045,,,,,,,,,
25:08.7,1.045,,,,,,,,,
25:17.6,1.045,,,,,,,,,
25:21.3,1.045,,,,,,,,,
25:28.2,1.045,,,,,,,,,
25:31.9,1.035,,,,,,,,,
25:37.8,1.035,,,,,,,,,
25:42.2,1.035,,,,,,,,,
25:43.6,1.035,,,,,,,,,
25:48.9,1.035,,,,,,,,,
25:54.1,1.035,,,,,,,,,
26:00.2,1.035,,,,,,,,,
26:07.2,1.035,,,,,,,,,
26:12.5,1.035,,,,,,,,,
26:17.2,1.035,,,,,,,,,
26:18.8,1.035,,,,,,,,,
26:23.9,1.035,,,,,,,,,
26:29.2,1.025,,,,,,,,,
26:34.2,1.025,,,,,,,,,
26:39.2,1.025,,,,,,,,,
26:44.6,1.025,,,,,,,,,
26:49.1,1.025,,,,,,,,,
26:54.1,1.025,,,,,,,,,
26:59.2,1.025,,,,,,,,,
27:04.3,1.025,,,,,,,,,
27:09.2,1.025,,,,,,,,,
27:14.0,1.025,,,,,,,,,
27:20.3,1.025,,,,,,,,,
27:27.3,1.025,,,,,,,,,
27:32.1,1.025,,,,,,,,,
27:37.0,1.025,,,,,,,,,
27:41.9,1.025,,,,,,,,,
27:45.9,1.025,,,,,,,,,
27:49.0,1.025,,,,,,,,,
27:54.2,1.015,,,,,,,,,
27:59.3,1.015,,,,,,,,,
28:04.3,1.015,,,,,,,,,
28:09.1,1.015,,,,,,,,,
28:14.2,1.015,,,,,,,,,
28:19.5,1.015,,,,,,,,,
28:24.4,1.015,,,,,,,,,
28:29.2,1.015,,,,,,,,,
28:34.3,1.015,,,,,,,,,
28:39.2,1.015,,,,,,,,,
28:44.3,1.015,,,,,,,,,
28:49.2,1.015,,,,,,,,,
28:53.9,1.015,,,,,,,,,
28:59.1,1.015,,,,,,,,,
29:04.1,1.015,,,,,,,,,
29:09.2,1.015,,,,,,,,,
32:49.2,1.065,,,,,,,,,
32:54.2,1.065,,,,,,,,,
32:59.1,1.07,,,,,,,,,
33:04.2,1.055,,,,,,,,,
33:09.5,1.055,,,,,,,,,
33:14.1,1.055,,,,,,,,,
33:19.1,1.045,,,,,,,,,
33:24.1,1.055,,,,,,,,,
33:29.3,1.045,,,,,,,,,
33:34.2,1.055,,,,,,,,,
33:39.2,1.055,,,,,,,,,
33:46.0,1.055,,,,,,,,,
33:59.2,1.035,,,,,,,,,
